<?xml version='1.0' encoding='utf-8' standalone='yes' ?>
<map>
    <int name="AF_CACHE_VERSION" value="1" />
    <boolean name="didSendRevenueTriggerOnLastBackground" value="true" />
    <long name="prev_session_dur" value="67" />
    <boolean name="ddl_sent" value="true" />
    <long name="af_rc_max_age" value="86400" />
    <string name="sentSuccessfully">true</string>
    <string name="af_remote_config">eyJmZWF0dXJlcyI6e30sInZlciI6ImRlZmF1bHQudjEuMTYzNzE0OTUyOSJ9</string>
    <int name="versionCode" value="1760" />
    <string name="savedProperties">{&quot;logLevel&quot;:&quot;0&quot;}</string>
    <string name="AF_INSTALLATION">1768207161518-8237545995264169418</string>
    <boolean name="afUninstallToken_queued" value="false" />
    <int name="appsFlyerCount" value="4" />
    <long name="af_rc_timestamp" value="1768207162077" />
    <long name="AppsFlyerTimePassedSincePrevLaunch" value="1768207189135" />
    <boolean name="newGPReferrerSent" value="true" />
    <string name="INSTALL_STORE">Playstore</string>
    <string name="appsFlyerFirstInstall">2026-01-12_140922+0530</string>
</map>
