<?xml version='1.0' encoding='utf-8' standalone='yes' ?>
<map>
    <long name="dedicated_ip_expiration_epoch" value="1774410865000" />
    <string name="user_status">ACTIVE</string>
    <string name="nordlynx_private_key">vb/T1igwsRB3b9lSct7/elUajwBwhl4WEHkLCxW53MlK8LztcIXkgbSBO7JkpnPZYUjZr5g4lo+W&#10;IHNYWaZ+6x61UkEe3Igs&#10;    </string>
    <long name="threat_protection_expiration_epoch" value="1800831207000" />
    <string name="meshnet_status">ACTIVE</string>
    <string name="vpn_password">vb/T1igwsRB3b9lSLt/oPBdOujdzqnondzMVEx2uqfpQ+Mz9I1dzhntfnX5SHABXuu7WJA==&#10;    </string>
    <string name="vpn_username">vb/T1igwsRB3b9lSNaWqOj99oAUsp1pAVFE9H0Lu3+V+0amscb/pJye184x1llGbxmQwgQ==&#10;    </string>
    <long name="vpn_expiration_epoch" value="1801783263000" />
    <string name="threat_protection_status">ACTIVE</string>
    <string name="user_uuid">d249cb82-fbfa-4be7-a689-bbc2fca8d7c2</string>
    <long name="user_id" value="413711995" />
    <long name="registration_epoch" value="1720134857000" />
    <string name="dedicated_ip_status">ACTIVE</string>
    <long name="call_protection_expiration_epoch" value="1801783263000" />
    <long name="meshnet_expiration_epoch" value="2524608000000" />
    <string name="call_protection_status">ACTIVE</string>
    <string name="email">liamwill6690@gmail.com</string>
    <set name="dedicated_ip_server_ids">
        <string>1005134</string>
    </set>
    <string name="username">liamwill6690@gmail.com</string>
</map>
