<?xml version='1.0' encoding='utf-8' standalone='yes' ?>
<map>
    <boolean name="measurement_enabled_from_api" value="true" />
    <long name="first_open_time" value="1768207155455" />
    <string name="gmp_app_id">1:384383282656:android:507d91af2e0d9145</string>
    <string name="app_instance_id">1b92c3968c2abe4c6337c6434adbfaa0</string>
    <boolean name="app_backgrounded" value="false" />
    <long name="session_id" value="1768207161" />
    <long name="health_monitor:start" value="1768207156640" />
    <boolean name="use_service" value="true" />
    <string name="non_personalized_ads">false</string>
    <boolean name="deferred_analytics_collection" value="true" />
    <int name="consent_source" value="-20" />
    <boolean name="measurement_enabled" value="true" />
    <string name="consent_settings">G111</string>
    <string name="previous_os_version">15</string>
    <boolean name="has_been_opened" value="true" />
    <boolean name="allow_remote_dynamite" value="true" />
    <long name="last_pause_time" value="1768207255438" />
    <boolean name="start_new_session" value="false" />
    <string name="dma_consent_settings">-20:1</string>
</map>
