<?xml version='1.0' encoding='utf-8' standalone='yes' ?>
<map>
    <string name="countryCode">vb/T1igwsRB3b9lSDdyp5LBWOXz+Qj21SWxoXERL&#10;    </string>
    <string name="latitude">vb/T1igwsRB3b9lSdqH+f1UY7mJbqOYAnOe3cJsl1B1lJGs=&#10;    </string>
    <int name="source" value="1" />
    <string name="updatedTimestamp">vb/T1igwsRB3b9lSdaXmdl8Y73Mu0ThLGOYjqBJiB4a2W6enbD3dO20=&#10;    </string>
    <string name="sim_countryCode">IN</string>
    <string name="longitude">vb/T1igwsRB3b9lSfKr+e1sc6uc2HXe8lIBSfsPbVvKUy6E=&#10;    </string>
</map>
